# TYPE ; ETAT           ; VALEUR ; NOM
# PROD ; INIT           ; 0      ; INIT
# PROD ; REPOS          ; 1      ; REPOS
# PROD ; FONCTIONNEMENT ; 2      ; FONCTIONNEMENT
# PROD ; OUVERTURE      ; 3      ; OUVERTURE
# PROD ; FERMETURE      ; 4      ; FERMETURE
# PROD ; PILOTAGE       ; 5      ; PILOTAGE
# PROD ; CALIBRATION    ; 6      ; CALIBRATION
# PROD ; DEBRAYAGE      ; 7      ; DEBRAYAGE
# PROD ; ERREUR         ; 8      ; ERREUR
# PROD ; STOP           ; 9      ; STOP
# CALI ; DEBUT          ; 20     ; INIT
# CALI ; OUVERTURE      ; 21     ; OUVERTURE
# CALI ; ATTENTE_HAUT   ; 22     ; ATTENTE_HAUT
# CALI ; BUTEE_BASSE    ; 23     ; BUTEE_BASSE
# CALI ; ATTENTE_BAS    ; 24     ; ATTENTE_BAS
# CALI ; BUTEE_HAUTE    ; 25     ; BUTEE_HAUTE
# CALI ; ENREGISTREMENT ; 26     ; ENREGISTREMENT
# CALI ; ERREUR         ; 27     ; ERREUR
# CALI ; NONE           ; 28     ; NONE